"method","tau","n","model","beta_ci_same","infin","na","skip_beta","skip_int","nsims_beta","nsims_int","bias","bias_se","empSE","empSE_se","cov","cov_se","cov_be","cov_be_se","intwidth_empSE","intwidth_empSE_se","empSE_rel","empSE_rel_se"
"bayes_adjv2","0.1","n = 100",1,0,0,0,0,0,1000,1000,0.263561351782828,0.0512946146716793,1.62207814063197,0.036288918870515,0.912,0.00895857131466843,0.916,0.00877177291087725,2.21162230227216,0.0494781233338781,NA,NA
"bayes_adjv2","0.1","n = 100",2,0,0,0,0,0,1000,1000,0.223687724298171,0.0527144955609321,1.66697871679381,0.0372934286563023,0.912,0.00895857131466843,0.923,0.00843036179532053,2.28625851040758,0.0511478747681548,NA,NA
"bayes_adjv2","0.1","n = 100",3,NA,0,0.004,0.004,0.004,996,996,0.376700218745647,0.0800536023687317,2.52644907631287,0.0566348833996286,0.912650602409639,0.00894648751670221,0.913654618473896,0.00889981366931973,5.15726343230914,0.115609301564179,NA,NA
"bayes_adjv2","0.1","n = 100",4,0,0,0,0,0,1000,1000,0.0373230654612822,0.025481756011136,0.805803877758768,0.018027338395758,0.891,0.00985489725973843,0.89,0.00989444288477123,1.36769396758134,0.0305978696007304,NA,NA
"bayes_adjv2","0.1","n = 100",5,NA,0,0.002,0.002,0.002,998,998,0.0544107254689119,0.0378232424158737,1.19487927068648,0.0267584806110504,0.891783567134269,0.00983356672793415,0.890781563126252,0.00987343604827628,2.47502279843088,0.0554263942713404,NA,NA
"bayes_adjv2","0.1","n = 250",1,0,0,0,0,0,1000,1000,0.0969967433802652,0.0324653763968643,1.02664534508762,0.0229679746637615,0.9,0.00948683298050514,0.907,0.00918428004799505,1.02700479509009,0.0229760162319517,NA,NA
"bayes_adjv2","0.1","n = 250",2,0,0,0,0,0,1000,1000,0.0361116444478042,0.0333230184496812,1.05376636812806,0.0235747226250012,0.927,0.00822623850857729,0.927,0.00822623850857729,1.05684179436954,0.0236435256564789,NA,NA
"bayes_adjv2","0.1","n = 250",3,NA,0,0.009,0.009,0.009,991,991,0.233960664683216,0.0529606893816874,1.66721057704344,0.0374677713913317,0.894046417759839,0.00977689674902051,0.898082744702321,0.00961048285974455,1.95329240440486,0.043896982346675,NA,NA
"bayes_adjv2","0.1","n = 250",4,0,0,0,0,0,1000,1000,0.0197257792913527,0.0166901971863899,0.52779037706326,0.01180765691499,0.878,0.0103496859855746,0.883,0.010164201887015,0.636340773163767,0.0142361321029479,NA,NA
"bayes_adjv2","0.1","n = 250",5,NA,0,0.009,0.009,0.009,991,991,0.0477811675189,0.0241370953763091,0.759839442807622,0.0170761215945015,0.889001009081736,0.00997869652774989,0.885973763874874,0.0100966196899124,1.0856725453162,0.02439867602441,NA,NA
"bayes_adjv2","0.1","n = 500",1,0,0,0,0,0,1000,1000,0.0564072154120069,0.0240960406236764,0.761983709627616,0.0170469993563673,0.903,0.00935900635751467,0.904,0.00931579304192617,0.597380586668126,0.013364519933654,NA,NA
"bayes_adjv2","0.1","n = 500",2,0,0,0,0,0,1000,1000,0.0433464136486962,0.0242826514837276,0.767884863166463,0.0171790191873788,0.905,0.00927227048785787,0.899,0.00952885092757778,0.676854988463085,0.0151425108002939,NA,NA
"bayes_adjv2","0.1","n = 500",3,NA,0,0.016,0.016,0.016,984,984,0.0593420433015988,0.0377137932883442,1.18303546900709,0.0266812399653371,0.898373983739837,0.00963237728464325,0.897357723577236,0.00967494246498287,1.10085568507402,0.0248278225549039,NA,NA
"bayes_adjv2","0.1","n = 500",4,0,0,0,0,0,1000,1000,0.0141060960342558,0.0108031213087323,0.34162469174693,0.00764278268255255,0.911,0.00900438781928011,0.913,0.00891240708226459,0.382643046880183,0.00856043992997262,NA,NA
"bayes_adjv2","0.1","n = 500",5,NA,0,0.012,0.012,0.012,988,988,0.0321150843917028,0.0178296784689565,0.560430785284584,0.0126138717061735,0.868421052631579,0.0107542444298483,0.866396761133603,0.0108240161370363,0.64179384022572,0.0144451471528439,NA,NA
"bayes_adjv2","0.5","n = 100",1,0,0,0,0,0,1000,1000,0.0829289936366854,0.0374033759403719,1.18279860151118,0.0264614147834302,0.907,0.00918428004799505,0.911,0.00900438781928011,1.122744939944,0.0251179021634775,NA,NA
"bayes_adjv2","0.5","n = 100",2,0,0,0,0,0,1000,1000,0.143312000519568,0.0404600081155177,1.27945779793933,0.0286238616159261,0.889,0.00993373041711924,0.893,0.00977501918156686,1.18998164248844,0.0266221128316549,NA,NA
"bayes_adjv2","0.5","n = 100",3,NA,0,0.004,0.004,0.004,996,996,0.161190100634883,0.043352176765703,1.3681716213266,0.0306700186324741,0.896586345381526,0.00964840075897285,0.902610441767068,0.00939456564374664,1.37568643779209,0.0308384767099723,NA,NA
"bayes_adjv2","0.5","n = 100",4,0,0,0,0,0,1000,1000,0.00793034369092243,0.0190665124993046,0.60293606533872,0.0134888063719667,0.904,0.00931579304192617,0.902,0.00940191469861325,0.736141479392882,0.0164688603796248,NA,NA
"bayes_adjv2","0.5","n = 100",5,NA,0,0.002,0.002,0.002,998,998,-0.0117576765103414,0.0207463109759173,0.655399572986775,0.0146772123314029,0.891783567134269,0.00983356672793415,0.892785571142285,0.00979343237776752,0.797152020227102,0.0178516586575745,NA,NA
"bayes_adjv2","0.5","n = 250",1,0,0,0,0,0,1000,1000,0.0453204467047535,0.0242043538577946,0.765408874833141,0.0171236267019605,0.905,0.00927227048785787,0.909,0.00909499862561837,0.594373710667832,0.0132972504991581,NA,NA
"bayes_adjv2","0.5","n = 250",2,0,0,0,0,0,1000,1000,0.0355224195688964,0.0245272137077314,0.775618599741347,0.0173520373251009,0.918,0.00867617427210864,0.917,0.00872416185085994,0.628970016219185,0.0140712344977856,NA,NA
"bayes_adjv2","0.5","n = 250",3,NA,0,0.009,0.009,0.009,991,991,0.0985840847293737,0.0281971575636091,0.887650819531529,0.0199484686814514,0.892028254288597,0.00985842506398025,0.890010090817356,0.00993887113791614,0.721738215215995,0.016219860181103,NA,NA
"bayes_adjv2","0.5","n = 250",4,0,0,0,0,0,1000,1000,-0.0137006242247827,0.0123064516728513,0.389164172009994,0.00870632968389531,0.861,0.0109397897603199,0.86,0.0109726933794762,0.371588293750458,0.00831312444657557,NA,NA
"bayes_adjv2","0.5","n = 250",5,NA,0,0.009,0.009,0.009,991,991,-0.0281608127708594,0.0127763583354666,0.402201708506316,0.0090388112185813,0.884964682139253,0.0101354197797839,0.884964682139253,0.0101354197797839,0.413248153153992,0.00928706160065368,NA,NA
"bayes_adjv2","0.5","n = 500",1,0,0,0,0,0,1000,1000,0.0121903528043719,0.0178924136530218,0.565807799814425,0.0126581776977592,0.869,0.0106695360723885,0.871,0.0105999528300837,0.628270273742808,0.0140555799511153,NA,NA
"bayes_adjv2","0.5","n = 500",2,0,0,0,0,0,1000,1000,-0.00251073260474144,0.0185825184656903,0.58763083013719,0.0131463996625673,0.887,0.0100115433375679,0.886,0.0100500746265886,0.650753479523213,0.0145585712744533,NA,NA
"bayes_adjv2","0.5","n = 500",3,NA,0,0.016,0.016,0.016,984,984,0.0102435818693048,0.0203102070519458,0.637106300647721,0.0143687882031779,0.878048780487805,0.0104316941801012,0.879065040650406,0.0103941477708772,0.649775674604398,0.0146545231752937,NA,NA
"bayes_adjv2","0.5","n = 500",4,0,0,0,0,0,1000,1000,-0.00892981652868707,0.00859873357890922,0.271915831023243,0.00608326521666011,0.866,0.0107723720693262,0.861,0.0109397897603199,0.24312077565996,0.00543906602441708,NA,NA
"bayes_adjv2","0.5","n = 500",5,NA,0,0.012,0.012,0.012,988,988,-0.015437395623598,0.0096845703895982,0.304409941998466,0.00685149362824982,0.862348178137652,0.0109610922964964,0.86336032388664,0.0109271268056946,0.26135800479874,0.00588250401026547,NA,NA
"bayes_adjv2","0.9","n = 100",1,0,0,0,0,0,1000,1000,0.202360186659101,0.0485836421783039,1.53634966310065,0.0343710126438675,0.9,0.00948683298050514,0.899,0.00952885092757778,1.99734988364368,0.044684448959616,NA,NA
"bayes_adjv2","0.9","n = 100",2,0,0,0,0,0,1000,1000,0.28781645893623,0.0510140775963824,1.61320677937136,0.0360904499429135,0.909,0.00909499862561837,0.9,0.00948683298050514,1.9558030223511,0.0437549680418945,NA,NA
"bayes_adjv2","0.9","n = 100",3,NA,0,0.004,0.004,0.004,996,996,0.464679795323607,0.0765072768825458,2.41452893176259,0.0541259928005252,0.89859437751004,0.009564960853128,0.914658634538153,0.00885277942893781,4.50741481865863,0.101041780371463,NA,NA
"bayes_adjv2","0.9","n = 100",4,0,0,0,0,0,1000,1000,-0.0435227376696259,0.0242499335764557,0.76685023209393,0.0171558725570707,0.89,0.00989444288477123,0.89,0.00989444288477123,1.31867444689922,0.0295012113297472,NA,NA
"bayes_adjv2","0.9","n = 100",5,NA,0,0.002,0.002,0.002,998,998,-0.103936969690045,0.0366532312903301,1.15791728776039,0.0259307430079825,0.865731462925852,0.0107922863154173,0.860721442885772,0.010959939835821,2.16752896700449,0.0485402862534873,NA,NA
"bayes_adjv2","0.9","n = 250",1,0,0,0,0,0,1000,1000,0.134658966261823,0.0335164897071099,1.05988446648057,0.0237115959168574,0.884,0.0101264011376204,0.885,0.0100883596287999,0.915713049987599,0.0204862119445893,NA,NA
"bayes_adjv2","0.9","n = 250",2,0,0,0,0,0,1000,1000,0.0779544091379495,0.0352787570856794,1.11561225410551,0.0249583306537959,0.892,0.00981509042240569,0.885,0.0100883596287999,1.03310831807039,0.0231125634454973,NA,NA
"bayes_adjv2","0.9","n = 250",3,NA,0,0.009,0.009,0.009,991,991,0.0990031251432108,0.0496542560075933,1.56312355027061,0.0351285894201834,0.906155398587286,0.00926337319473351,0.903128153380424,0.00939586249582515,1.99767865910209,0.0448944892404127,NA,NA
"bayes_adjv2","0.9","n = 250",4,0,0,0,0,0,1000,1000,-0.0317461509028629,0.0157546653551153,0.498206262959097,0.0111458050043516,0.904,0.00931579304192617,0.904,0.00931579304192617,0.634314274220616,0.0141907955350619,NA,NA
"bayes_adjv2","0.9","n = 250",5,NA,0,0.009,0.009,0.009,991,991,-0.0383521341094817,0.0234816251332927,0.73920513961307,0.0166124001153084,0.894046417759839,0.00977689674902051,0.892028254288597,0.00985842506398025,1.08632727262087,0.0244133899263686,NA,NA
"bayes_adjv2","0.9","n = 500",1,0,0,0,0,0,1000,1000,0.056116450155616,0.0243589020862326,0.770296118935224,0.0172329634843746,0.897,0.00961202372032029,0.893,0.00977501918156686,0.600576618550422,0.0134360211386693,NA,NA
"bayes_adjv2","0.9","n = 500",2,0,0,0,0,0,1000,1000,0.0563071084147012,0.0242167744611927,0.76580164879966,0.0171324137894925,0.898,0.00957057991973318,0.9,0.00948683298050514,0.632462735013911,0.0141493731433937,NA,NA
"bayes_adjv2","0.9","n = 500",3,NA,0,0.016,0.016,0.016,984,984,0.0881781169379711,0.0349391940014788,1.09599969025242,0.0247183043143273,0.911585365853659,0.00905030468286864,0.908536585365854,0.00918961604787304,1.0988588197663,0.0247827868447756,NA,NA
"bayes_adjv2","0.9","n = 500",4,0,0,0,0,0,1000,1000,-0.0240628724168177,0.0114025375245817,0.360579896832164,0.00806684603824516,0.888,0.00997276290703835,0.886,0.0100500746265886,0.372255163689589,0.00832804357316519,NA,NA
"bayes_adjv2","0.9","n = 500",5,NA,0,0.012,0.012,0.012,988,988,-0.0231306942205026,0.0173875170465427,0.546532560837217,0.0123010580194064,0.867408906882591,0.0107892347354884,0.869433198380567,0.0107190431743315,0.599049682118512,0.0134830848594976,NA,NA
"bayes_unadj","0.1","n = 100",1,0,0,0,0,0,1000,1000,0.262793271407509,0.0513322123663721,1.62326708413198,0.0363155177581596,0.702,0.0144636095080032,0.714,0.0142899965010493,0.561408491810649,0.0125597569575763,-19.8828285639444,5.0659444159783
"bayes_unadj","0.1","n = 100",2,0,0,0,0,0,1000,1000,0.222431328371456,0.0527484209792397,1.66805153271807,0.0373174295530922,0.716,0.0142598737722323,0.718,0.0142294061717276,0.573967967164818,0.0128407358887184,-15.625057260387,5.33900758520333
"bayes_unadj","0.1","n = 100",3,NA,0,0.004,0.004,0.004,996,996,0.377271388979176,0.0800969826707914,2.5278181355535,0.0566655733158384,0.639558232931727,0.0152134577531936,0.641566265060241,0.0151948189422462,0.926218816793549,0.0207628545469042,-11.7268248370772,5.58567494705161
"bayes_unadj","0.1","n = 100",4,0,0,0,0,0,1000,1000,0.0369535905617044,0.0254988192899828,0.806343466013831,0.0180394099932482,0.736,0.0139392969693597,0.736,0.0139392969693597,0.385616530528332,0.00862696231515713,-16.9538209701868,5.25482465302381
"bayes_unadj","0.1","n = 100",5,NA,0,0.002,0.002,0.002,998,998,0.0538582666423677,0.0378386249868089,1.19536522360765,0.0267693631848285,0.635270541082164,0.015237001448501,0.640280561122245,0.0151915413974781,0.541905271800595,0.012135587305127,-15.2657209491899,5.33810373624337
"bayes_unadj","0.1","n = 250",1,0,0,0,0,0,1000,1000,0.0970716854165486,0.0324928868397542,1.02751530167734,0.0229874372181937,0.727,0.0140879735945238,0.718,0.0142294061717276,0.284871704016525,0.00637311230366094,-20.7944564941481,5.01184568111956
"bayes_unadj","0.1","n = 250",2,0,0,0,0,0,1000,1000,0.0359697429056083,0.0333204338222036,1.05368463503073,0.0235728941028952,0.705,0.0144213383567546,0.717,0.0142446832186609,0.28078875233439,0.00628176904550723,-21.3508448717024,4.97278541483096
"bayes_unadj","0.1","n = 250",3,NA,0,0.009,0.009,0.009,991,991,0.234438881861841,0.0529783635667183,1.66776696308313,0.0374802752377128,0.602421796165489,0.0155462194803566,0.585267406659939,0.0156503633896966,0.414637132128608,0.00931827658177536,-12.4065934508436,5.54085966019534
"bayes_unadj","0.1","n = 250",4,0,0,0,0,0,1000,1000,0.0196134912372777,0.0167082120254037,0.528360056292908,0.0118204017038069,0.715,0.0142749781085647,0.711,0.0143345387090063,0.188545101404247,0.00421810621628008,-11.5317067436701,5.59800240971382
"bayes_unadj","0.1","n = 250",5,NA,0,0.009,0.009,0.009,991,991,0.047416831381665,0.0241645476889825,0.760703645796437,0.0170955431123748,0.630676084762866,0.0153309853853897,0.627648839556004,0.0153566997694914,0.254867302456799,0.00572771667542504,-8.94642845767921,5.76150172017978
"bayes_unadj","0.1","n = 500",1,0,0,0,0,0,1000,1000,0.0563401878469278,0.0241061174378304,0.762302366470465,0.0170541283053544,0.717,0.0142446832186609,0.716,0.0142598737722323,0.174004330073216,0.00389280199206996,-21.6608312074608,4.95506503134815
"bayes_unadj","0.1","n = 500",2,0,0,0,0,0,1000,1000,0.0433775891178109,0.0243045923454946,0.768578694136569,0.0171945414826082,0.692,0.0145991780590552,0.686,0.0146766481186952,0.192381605802648,0.00430393598820816,-23.8857057527117,4.81583245412342
"bayes_unadj","0.1","n = 500",3,NA,0,0.016,0.016,0.016,984,984,0.0596375031990516,0.0377349523905441,1.18369920410802,0.0266962093182985,0.588414634146341,0.0156882371549271,0.578252032520325,0.0157430013940392,0.246965124770471,0.005569854775868,-13.2413318664195,5.48965144142241
"bayes_unadj","0.1","n = 500",4,0,0,0,0,0,1000,1000,0.0136369359373241,0.010807209204517,0.341753962362101,0.00764567470775699,0.753,0.0136378517369856,0.755,0.0136005514594078,0.113715504361623,0.00254402831080067,-4.44902997752221,6.03896837122554
"bayes_unadj","0.1","n = 500",5,NA,0,0.012,0.012,0.012,988,988,0.0319759238164779,0.0178428080316566,0.560843479834699,0.0126231604109443,0.597165991902834,0.015603862869655,0.598178137651822,0.0155974490961472,0.157569013766468,0.00354647777514442,-7.09734173102605,5.85610305839837
"bayes_unadj","0.5","n = 100",1,0,0,0,0,0,1000,1000,0.0820765090031137,0.0373996860441627,1.18268191674767,0.0264588043272442,0.674,0.0148230900961979,0.68,0.0147512711316686,0.286934401856027,0.00641925870849623,-9.49738307383608,5.7261888757358
"bayes_unadj","0.5","n = 100",2,0,0,0,0,0,1000,1000,0.143599497161467,0.0404612960012912,1.27949852446343,0.0286247727443681,0.625,0.0153093108923949,0.642,0.0151603430040352,0.296821840433122,0.00664045918421537,-10.484704616048,5.66269591275698
"bayes_unadj","0.5","n = 100",3,NA,0,0.004,0.004,0.004,996,996,0.16111483506641,0.0433708131964457,1.36875977716022,0.0306832031994501,0.629518072289157,0.0153023434745713,0.645582329317269,0.0151566712746258,0.32787846561984,0.00734998335954156,-7.37733857882553,5.85974192130114
"bayes_unadj","0.5","n = 100",4,0,0,0,0,0,1000,1000,0.00790640765764096,0.0190723957992234,0.603122111617735,0.0134929685748571,0.678,0.0147755202954075,0.672,0.0148464137083674,0.20413053143117,0.00456678140746956,-8.79107735455226,5.76697369547666
"bayes_unadj","0.5","n = 100",5,NA,0,0.002,0.002,0.002,998,998,-0.0116534768105505,0.0207540276009556,0.655643349953238,0.0146826715450579,0.650300601202405,0.0150952131551228,0.647294589178357,0.0151248744673828,0.215706127487801,0.00483058696528479,-11.0176862990509,5.62947733172258
"bayes_unadj","0.5","n = 250",1,0,0,0,0,0,1000,1000,0.0450115112688125,0.0242075502539189,0.765509953753713,0.0171258880262804,0.64,0.0151789327688082,0.648,0.0151028474136502,0.161839270748402,0.00362064688447372,-18.655133170105,5.14699372492518
"bayes_unadj","0.5","n = 250",2,0,0,0,0,0,1000,1000,0.0355749583011998,0.0245269791092593,0.775611181086272,0.0173518713559251,0.668,0.0148921455808087,0.67,0.0148694317309035,0.167877717879985,0.00375573822968878,-19.5529106884894,5.08035479679496
"bayes_unadj","0.5","n = 250",3,NA,0,0.009,0.009,0.009,991,991,0.0987352468294521,0.0282115699728612,0.888104524372353,0.0199586649394941,0.615539858728557,0.0154531465628598,0.622603430877901,0.0153981271462957,0.186840325848935,0.00419892406633132,-13.4730844255871,5.47461580176413
"bayes_unadj","0.5","n = 250",4,0,0,0,0,0,1000,1000,-0.0137631267905227,0.0123047111094978,0.389109130563907,0.00870509830390101,0.646,0.0151223014121528,0.646,0.0151223014121528,0.105323602092828,0.00235628577671846,-16.9948517019815,5.24943292708136
"bayes_unadj","0.5","n = 250",5,NA,0,0.009,0.009,0.009,991,991,-0.0280178624171235,0.0127769723042724,0.402221036337942,0.00903924557929543,0.652875882946519,0.0151224055213478,0.651866801210898,0.0151326617538281,0.109279358184881,0.00245587094194395,-11.6265628108274,5.59057955250701
"bayes_unadj","0.5","n = 500",1,0,0,0,0,0,1000,1000,0.0122386502294226,0.0178872272786473,0.565643792256207,0.0126545085422326,0.578,0.015617810345884,0.579,0.0156127832240123,0.174507450563065,0.0039040577375121,-29.5700499044214,4.45403436506773
"bayes_unadj","0.5","n = 500",2,0,0,0,0,0,1000,1000,-0.00267519187235363,0.0185827501130529,0.587638155469987,0.0131465635439494,0.602,0.0154788888490098,0.598,0.0155047089621186,0.177503005470095,0.00397107389799809,-28.9148719209711,4.49791960487777
"bayes_unadj","0.5","n = 500",3,NA,0,0.016,0.016,0.016,984,984,0.0102812487446937,0.0203180189012174,0.637351348784251,0.0143743148237274,0.577235772357724,0.0157481007845851,0.58130081300813,0.0157272928907346,0.17094434824328,0.00385534271430182,-28.1374799797227,4.54683574517437
"bayes_unadj","0.5","n = 500",4,0,0,0,0,0,1000,1000,-0.00880498606766163,0.00860408043967397,0.272084913606727,0.00608704790998466,0.664,0.0149366662947259,0.66,0.0149799866488592,0.0669392363726184,0.00149755579409619,-25.6278902742046,4.70105912821841
"bayes_unadj","0.5","n = 500",5,NA,0,0.012,0.012,0.012,988,988,-0.0152449544065934,0.00968373301381272,0.304383621211478,0.00685090121427297,0.614372469635628,0.0154853639331843,0.623481781376518,0.0154143923515293,0.0698229084429946,0.00157153609754789,-19.5757917403938,5.08065872963962
"bayes_unadj","0.9","n = 100",1,0,0,0,0,0,1000,1000,0.200065651497006,0.0485902902451682,1.53655989343393,0.0343757158892399,0.746,0.0137653187394989,0.735,0.0139561814261638,0.527305094955689,0.0117968002474906,-20.9264891123572,5.0026168544126
"bayes_unadj","0.9","n = 100",2,0,0,0,0,0,1000,1000,0.286303784627733,0.0510667183085157,1.61487142485131,0.0361276911727018,0.717,0.0142446832186609,0.711,0.0143345387090063,0.525447342789618,0.0117552388603124,-23.6700378431766,4.82988179372704
"bayes_unadj","0.9","n = 100",3,NA,0,0.004,0.004,0.004,996,996,0.463409527289729,0.0765431400095504,2.41566075296006,0.0541513646008709,0.634538152610442,0.0152587944716179,0.646586345381526,0.0151469523008328,0.868330438968122,0.0194651828229519,-23.4522662839334,4.84325285389998
"bayes_unadj","0.9","n = 100",4,0,0,0,0,0,1000,1000,-0.0432293846531128,0.024258352686426,0.767116467727704,0.0171618287456614,0.748,0.013729384545565,0.753,0.0136378517369856,0.381578483159814,0.00853662365040307,-24.7784919606991,4.75507328448949
"bayes_unadj","0.9","n = 100",5,NA,0,0.002,0.002,0.002,998,998,-0.103929728846344,0.0366629146330056,1.15822319557514,0.0259375935982725,0.624248496993988,0.0153307656607955,0.635270541082164,0.015237001448501,0.49639876229105,0.0111165010407146,-22.0436618962435,4.93275068363277
"bayes_unadj","0.9","n = 250",1,0,0,0,0,0,1000,1000,0.133843786886093,0.0335354867791221,1.0604852066449,0.0237250355968207,0.7,0.0144913767461894,0.702,0.0144636095080032,0.261971849554664,0.00586079977080766,-16.3879551005266,5.26959349898309
"bayes_unadj","0.9","n = 250",2,0,0,0,0,0,1000,1000,0.0777970204957422,0.0353234978890997,1.11702708253705,0.0249899830094266,0.689,0.0146382717559144,0.694,0.0145727142289966,0.282366271348719,0.00631706109346331,-17.8194288957352,5.19787279391703
"bayes_unadj","0.9","n = 250",3,NA,0,0.009,0.009,0.009,991,991,0.0987878252603216,0.0496816882717007,1.56398712212751,0.0351479967544217,0.62058526740666,0.0154142003174771,0.631685166498486,0.0153222702170963,0.416586873956518,0.00936209377084921,-15.2347352201639,5.36361331059846
"bayes_unadj","0.9","n = 250",4,0,0,0,0,0,1000,1000,-0.0316410090445287,0.0157688552293008,0.498654986180474,0.0111558437812564,0.728,0.0140718158032288,0.734,0.0139729739139526,0.186980345721006,0.00418309970788882,-15.5338279629008,5.34305228155102
"bayes_unadj","0.9","n = 250",5,NA,0,0.009,0.009,0.009,991,991,-0.0382897404250545,0.0234960069828902,0.739657882431305,0.0166225747535013,0.635721493440969,0.0152866877253598,0.633703329969728,0.0153046235851376,0.256245922885957,0.0057586988655493,-15.2082027938777,5.36515074997751
"bayes_unadj","0.9","n = 500",1,0,0,0,0,0,1000,1000,0.0553939070161788,0.0243877538469091,0.771208491717659,0.0172533749682927,0.695,0.0145593612497252,0.695,0.0145593612497252,0.179247662937876,0.00401010514545725,-23.6067275034901,4.83386773995071
"bayes_unadj","0.9","n = 500",2,0,0,0,0,0,1000,1000,0.0558910429056494,0.02422601602082,0.766093892575203,0.017138951828811,0.698,0.0145188153786733,0.702,0.0144636095080032,0.181709448672976,0.00406517989221566,-26.4918265946539,4.65138632618338
"bayes_unadj","0.9","n = 500",3,NA,0,0.016,0.016,0.016,984,984,0.089100561411131,0.034953754633803,1.09645643944121,0.0247286054718406,0.606707317073171,0.0155722009870259,0.605691056910569,0.0155792427728413,0.247240176259437,0.00557605806813791,-18.2377620653319,5.16378919082943
"bayes_unadj","0.9","n = 500",4,0,0,0,0,0,1000,1000,-0.0238948446416227,0.0114106692003109,0.360837042997145,0.00807259887843524,0.719,0.014214042352547,0.717,0.0142446832186609,0.111573972971821,0.00249611825214412,-10.5866918662084,5.65710383809645
"bayes_unadj","0.9","n = 500",5,NA,0,0.012,0.012,0.012,988,988,-0.02265284448221,0.0173902109626172,0.546617237266113,0.0123029638704743,0.6082995951417,0.0155294938697418,0.609311740890688,0.0155223145924547,0.146764336457502,0.00330329196704738,-13.6162957016282,5.46559784250997
"riid_dith","0.1","n = 100",1,0,0,0,0,0,1000,1000,0.0393118066980969,0.056241698646151,1.77851867198645,0.0397887858671638,0.877,0.0103860964755773,0.875,0.0104582503316759,1.7542431212401,0.039245696437928,-3.82493213837988,6.08285398404832
"riid_dith","0.1","n = 100",2,0,0,0,0,0,1000,1000,0.0255272761552661,0.056773213951005,1.79532666173223,0.0401648120036255,0.869,0.0106695360723885,0.867,0.0107382959542006,1.7905674398334,0.0400583393171086,-2.2579316794477,6.18410593030908
"riid_dith","0.1","n = 100",3,0,0,0,0,0,1000,1000,0.017608444246134,0.0844539063725019,2.67066701435715,0.0597478112715387,0.882,0.0102017645532525,0.883,0.010164201887015,3.50083068849286,0.0783201238287022,-1.46816235533777,6.23468174097913
"riid_dith","0.1","n = 100",4,0,0,0,0,0,1000,1000,0.0295661821296683,0.0281541424112,0.89031215588137,0.0199179464816811,0.885,0.0100883596287999,0.885,0.0100883596287999,1.05613168269786,0.0236276391315349,1.24279336656674,6.40134747029
"riid_dith","0.1","n = 100",5,0.001,0,0,0,0,1000,1000,0.00951381753615886,0.0412082208084527,1.30311836077856,0.0291531926165701,0.878,0.0103496859855746,0.878,0.0103496859855746,1.60625277372604,0.0359348758430184,0.699110160029925,6.37137863764582
"riid_dith","0.1","n = 250",1,0,0,0,0,0,1000,1000,0.0106049458975904,0.0343096468998788,1.08496629919752,0.0242727233803189,0.879,0.0103130499853341,0.88,0.0102761860629321,0.881916317382553,0.0197301158867784,-11.6896757661824,5.58799126089546
"riid_dith","0.1","n = 250",2,0,0,0,0,0,1000,1000,-0.053213820365996,0.035584214354519,1.12527166107938,0.0251744296364724,0.891,0.00985489725973843,0.888,0.00997276290703835,0.877105421151895,0.0196224871489047,-10.3010145856749,5.6758984181235
"riid_dith","0.1","n = 250",3,0,0,0,0,0,1000,1000,0.121531125250176,0.0548802037183715,1.73546442204096,0.0388255818487099,0.872,0.0105648473723003,0.875,0.0104582503316759,1.48819419649802,0.0332936848771338,-5.15114052508205,5.99921924917568
"riid_dith","0.1","n = 250",4,0,0,0,0,0,1000,1000,0.0208362724163881,0.0180299841876293,0.570158162097291,0.0127555034307099,0.866,0.0107723720693262,0.861,0.0109397897603199,0.538241590993533,0.012041470098778,3.01925028511489,6.51406783159419
"riid_dith","0.1","n = 250",5,0,0,0,0,0,1000,1000,0.0382103194849438,0.0255367978300141,0.8075444529009,0.0180662783139645,0.885,0.0100883596287999,0.883,0.010164201887015,0.788580667846837,0.0176420230083375,2.61216874339365,6.49300984194265
"riid_dith","0.1","n = 500",1,0,0,0,0,0,1000,1000,0.013661506886594,0.0243179793932258,0.769002029756329,0.0172040122914279,0.881,0.0102390917565964,0.881,0.0102390917565964,0.512503333164248,0.0114656571790185,-20.2777778703165,5.04379044543034
"riid_dith","0.1","n = 500",2,0,0,0,0,0,1000,1000,0.000859623708722261,0.0251606279576618,0.795648917063217,0.017800152950382,0.899,0.00952885092757778,0.899,0.00952885092757778,0.55087850259215,0.0123241814233985,-18.4296183048291,5.15771979178271
"riid_dith","0.1","n = 500",3,0,0,0,0,0,1000,1000,-0.00469275940917796,0.0379092598129762,1.19879605420094,0.0268193076914546,0.896,0.00965318600255895,0.896,0.00965318600255895,0.857377436702832,0.0191811352748995,-11.0141865599648,5.63076857414567
"riid_dith","0.1","n = 500",4,0,0,0,0,0,1000,1000,0.0068527139478244,0.0115692057367575,0.365850408472402,0.00818475723162589,0.896,0.00965318600255895,0.898,0.00957057991973318,0.325182533140352,0.00727494087223275,9.50024016633098,6.92265294236446
"riid_dith","0.1","n = 500",5,0,0,0,0,0,1000,1000,0.0421048883353995,0.0185705043208967,0.587250909520319,0.0131379001284835,0.857,0.0110702755159933,0.855,0.0111344061359374,0.484003770845669,0.0108280687183164,1.85730623160985,6.44275474441186
"riid_dith","0.5","n = 100",1,0,0,0,0,0,1000,1000,-0.0329056284241379,0.0383941708994819,1.21413028916118,0.0271623631796428,0.888,0.00997276290703835,0.888,0.00997276290703835,0.945279403468585,0.0211476665169014,-4.62033085383101,6.03409070290313
"riid_dith","0.5","n = 100",2,0,0,0,0,0,1000,1000,0.0236082105967216,0.0408605798895882,1.2921249896637,0.0289072503635384,0.873,0.0105295299040366,0.871,0.0105999528300837,1.00332833015813,0.0224463294717802,-8.70926116385536,5.77605168111869
"riid_dith","0.5","n = 100",3,0,0,0,0,0,1000,1000,0.0439419155886861,0.0432763876400196,1.36851953846821,0.0306163391640547,0.89,0.00989444288477123,0.893,0.00977501918156686,1.08756274408626,0.0243308107039558,-7.40984916929576,5.85725500896439
"riid_dith","0.5","n = 100",4,0,0,0,0,0,1000,1000,0.0137483630379872,0.020053896407859,0.634159886099035,0.0141873415843068,0.892,0.00981509042240569,0.893,0.00977501918156686,0.565545952913675,0.0126523196933266,0.838031393567462,6.37195685259723
"riid_dith","0.5","n = 100",5,0,0,0,0,0,1000,1000,-0.00575518186448444,0.021989766002671,0.695377457825766,0.0155568930493033,0.895,0.00969407035254026,0.896,0.00965318600255895,0.644197334445861,0.0144118980588691,0.094355775355548,6.33354320760276
"riid_dith","0.5","n = 250",1,0,0,0,0,0,1000,1000,-0.00859267160552554,0.0246506628705447,0.779522405038655,0.0174393727438897,0.887,0.0100115433375679,0.884,0.0101264011376204,0.478429727351861,0.0107033669502199,-15.6498862297352,5.33742957393828
"riid_dith","0.5","n = 250",2,0,0,0,0,0,1000,1000,-0.0230989126579371,0.0248161192273888,0.784754594448466,0.0175564265973705,0.902,0.00940191469861325,0.902,0.00940191469861325,0.478959748686539,0.0107152245178253,-17.6450046470841,5.21043106605734
"riid_dith","0.5","n = 250",3,0,0,0,0,0,1000,1000,0.0401407762113958,0.0281805854806454,0.891148359159103,0.0199366539114558,0.881,0.0102390917565964,0.882,0.0102017645532525,0.555092814760453,0.0124184634610758,-12.8789539743398,5.51275411238638
"riid_dith","0.5","n = 250",4,0,0,0,0,0,1000,1000,-0.00515500495059174,0.0127938676894748,0.404577619815762,0.00905115731144755,0.876,0.0104222838188182,0.879,0.0103130499853341,0.298648936706885,0.00668133474180185,-10.2641674656784,5.67296343472037
"riid_dith","0.5","n = 250",5,0,0,0,0,0,1000,1000,-0.0274326340159915,0.0131999215094461,0.417418169052975,0.00933842439054184,0.897,0.00961202372032029,0.896,0.00965318600255895,0.325234658425293,0.00727610701225334,-4.822370729359,6.02252318619318
"riid_dith","0.5","n = 500",1,0,0,0,0,0,1000,1000,-0.0233101678693201,0.0179058260844986,0.566231938138701,0.0126676664645787,0.89,0.00989444288477123,0.894,0.00973468027209934,0.291619078037265,0.00652406366802138,-29.4235102581046,4.46330693063429
"riid_dith","0.5","n = 500",2,0,0,0,0,0,1000,1000,-0.0322817818475887,0.0187517515314049,0.592982449567898,0.0132661253887713,0.894,0.00973468027209934,0.888,0.00997276290703835,0.316409133995531,0.00707866354020421,-27.6160204679105,4.58009006763999
"riid_dith","0.5","n = 500",3,0,0,0,0,0,1000,1000,-0.0122216010934208,0.0200646747262602,0.634500726453978,0.0141949668199095,0.883,0.010164201887015,0.883,0.010164201887015,0.331708781209936,0.00742094523589041,-28.7788680974891,4.50247315132645
"riid_dith","0.5","n = 500",4,0,0,0,0,0,1000,1000,0.00289632458707299,0.00866255952586262,0.273934184685142,0.00612841955938499,0.901,0.00944452222190196,0.901,0.00944452222190196,0.168965557637597,0.00378007523770292,-24.6134894615284,4.7701917221473
"riid_dith","0.5","n = 500",5,0,0,0,0,0,1000,1000,-0.00453118811594606,0.00957966504724374,0.302935607707947,0.00677723558177097,0.888,0.00997276290703835,0.888,0.00997276290703835,0.201480567065464,0.00450749675313139,-20.3391596147045,5.02818414953099
"riid_dith","0.9","n = 100",1,0,0,0,0,0,1000,1000,-0.0726184894747568,0.0534869092664018,1.69140458284595,0.0378398809197938,0.863,0.0108734079294396,0.865,0.0108062481925967,1.65139494298597,0.0369447905178283,-4.18642575023783,6.05004468425206
"riid_dith","0.9","n = 100",2,0,0,0,0,0,1000,1000,0.0283272728969277,0.0567266575335802,1.79385441854463,0.0401318751726221,0.874,0.010493998284734,0.872,0.0105648473723003,1.69492050355823,0.0379185386356503,-5.81244204259073,5.95747867842323
"riid_dith","0.9","n = 100",3,0,0,0,0,0,1000,1000,0.108995195170031,0.0862972850787341,2.72895976737663,0.0610519290770093,0.891,0.00985489725973843,0.891,0.00985489725973843,3.73109611849668,0.0834715917504862,-2.30896370630621,6.18051277021393
"riid_dith","0.9","n = 100",4,0,0,0,0,0,1000,1000,-0.0140507792124775,0.0278364231383596,0.880264990294286,0.0196931726142975,0.885,0.0100883596287999,0.882,0.0102017645532525,1.1249677953802,0.0251676315930065,-0.951869398361127,6.26230587365133
"riid_dith","0.9","n = 100",5,0,0,0,0,0,1000,1000,-0.0803609163559058,0.0411373690673904,1.3008778319991,0.0291030678013297,0.874,0.010493998284734,0.874,0.010493998284734,1.59905390333127,0.0357738236611468,-1.65779536238587,6.22094454703175
"riid_dith","0.9","n = 250",1,0,0,0,0,0,1000,1000,0.0190925196253229,0.0350365902758212,1.10795426717702,0.0247870071772025,0.873,0.0105295299040366,0.872,0.0105648473723003,0.810013000693678,0.0181215043405881,-8.73520455681231,5.76696972342373
"riid_dith","0.9","n = 250",2,0,0,0,0,0,1000,1000,-0.0278057828144703,0.0370306204294736,1.17101103726299,0.0261977049460504,0.864,0.0108399261990108,0.867,0.0107382959542006,0.885548257985128,0.019811369184365,-9.6842014062412,5.71312818291892
"riid_dith","0.9","n = 250",3,0,0,0,0,0,1000,1000,-0.0793397863704198,0.0526961306074652,1.66639796597302,0.0372804361753043,0.891,0.00985489725973843,0.89,0.00989444288477123,1.47804580781121,0.0330666464598732,-3.7703223253385,6.08066478906084
"riid_dith","0.9","n = 250",4,0,0,0,0,0,1000,1000,-0.0271496554716745,0.0168824278125626,0.53386924321072,0.0119436525091135,0.885,0.0100883596287999,0.881,0.0102390917565964,0.534557376705541,0.0119590473411749,-3.18285240958038,6.12481221438537
"riid_dith","0.9","n = 250",5,0,0,0,0,0,1000,1000,-0.0166129341212008,0.0252915083380542,0.799787718093912,0.0178927456628179,0.892,0.00981509042240569,0.893,0.00977501918156686,0.813270537123949,0.0181943815172633,-0.861687536718625,6.27213155460017
"riid_dith","0.9","n = 500",1,0,0,0,0,0,1000,1000,-1.32102551870257e-05,0.0256994308575045,0.812687360797284,0.0181813347731667,0.881,0.0102390917565964,0.881,0.0102390917565964,0.519119555313896,0.0116136744309644,-15.1682317311234,5.34682934405666
"riid_dith","0.9","n = 500",2,0,0,0,0,0,1000,1000,-0.00401973444196117,0.0253396911353408,0.801311391928549,0.0179268330934941,0.894,0.00973468027209934,0.894,0.00973468027209934,0.534125142768896,0.01194937746038,-19.5781119125451,5.08887130453206
"riid_dith","0.9","n = 500",3,0,0,0,0,0,1000,1000,0.0190146210511263,0.0363564815039245,1.14969289262185,0.0257207782173228,0.897,0.00961202372032029,0.897,0.00961202372032029,0.843474461117793,0.0188700997332531,-10.1053805439637,5.6872100098042
"riid_dith","0.9","n = 500",4,0,0,0,0,0,1000,1000,-0.0130906184716954,0.0119270510283102,0.377166470185136,0.0084379186762818,0.881,0.0102390917565964,0.881,0.0102390917565964,0.311848539428141,0.0069766345182282,-2.310904706464,6.17689122844734
"riid_dith","0.9","n = 500",5,0,0,0,0,0,1000,1000,-0.00993250941280142,0.0182302863595605,0.576492272933106,0.0128972093254383,0.87,0.0106348483769163,0.875,0.0104582503316759,0.484077070189455,0.0108297085615972,-3.91576007349649,6.07948907391072
"riid_nodith","0.1","n = 100",1,NA,0.037,0,0,0.037,1000,963,0.019,0.0573491754773155,1.81354016440991,0.040572282090585,0.905503634475597,0.00942626202755526,0.904465212876428,0.00947247702282239,1.95875267511664,0.0446557171939533,0,0
"riid_nodith","0.1","n = 100",2,NA,0.048,0,0,0.048,1000,952,0.0197757827723,0.0574252266574252,1.81594511388881,0.0406260853040933,0.915966386554622,0.00899182432442928,0.915966386554622,0.00899182432442928,2.03758795112845,0.0467208900389029,0,0
"riid_nodith","0.1","n = 100",3,NA,0.008,0,0,0.008,1000,992,0.0166031370294711,0.0850807777276321,2.69049042717842,0.0601912980565389,0.910282258064516,0.00907342743403436,0.910282258064516,0.00907342743403436,4.10789852584394,0.0922715640000895,0,0
"riid_nodith","0.1","n = 100",4,0.008,0,0,0,0,1000,1000,0.0195147732537822,0.0279808074873076,0.884830824305848,0.0197953188524295,0.909,0.00909499862561837,0.907,0.00918428004799505,1.11586192310454,0.0249639162158126,0,0
"riid_nodith","0.1","n = 100",5,0.003,0,0,0,0,1000,1000,0.0108822507891593,0.0410649262829717,1.29858699001103,0.0290518173856018,0.895,0.00969407035254026,0.897,0.00961202372032029,1.64794670597279,0.0368676470127881,0,0
"riid_nodith","0.1","n = 250",1,NA,0.014,0,0,0.014,1000,986,0.019,0.0365098886874771,1.15454405371643,0.0258293077554376,0.961460446247465,0.0061302839979588,0.962474645030426,0.00605227420283899,1.75009655071511,0.0394301923588292,0,0
"riid_nodith","0.1","n = 250",2,NA,0.013,0,0,0.013,1000,987,-0.0402242172277,0.0375719396711249,1.18812905471192,0.0265806669815208,0.962512664640324,0.00604626162874122,0.961499493414387,0.0061241973258362,1.70284686461706,0.0383461828414144,0,0
"riid_nodith","0.1","n = 250",3,0.016,0,0,0,0,1000,1000,0.129603137029471,0.05635074450623,1.78196700485907,0.0398659315167588,0.965,0.00581162627841812,0.965,0.00581162627841812,2.11831728319257,0.0473907157159738,0,0
"riid_nodith","0.1","n = 250",4,0.035,0,0,0,0,1000,1000,0.0284413261833099,0.0177638113900666,0.561741039182522,0.0125671966636523,0.905,0.00927227048785787,0.906,0.00922843432007835,0.672256034580975,0.015039623608773,0,0
"riid_nodith","0.1","n = 250",5,0.01,0,0,0,0,1000,1000,0.0531226149384634,0.0252096609579448,0.797199476677278,0.0178348418661802,0.919,0.00862780389206894,0.92,0.00857904423581089,0.8715886845459,0.0194990674429669,0,0
"riid_nodith","0.1","n = 500",1,NA,0.008,0,0,0.008,1000,992,0.031,0.0272356527511419,0.861266962550393,0.0192681512357162,0.925403225806452,0.00834199052509842,0.923387096774194,0.00844475442529551,2.13505816564237,0.0479576491326571,0,0
"riid_nodith","0.1","n = 500",2,NA,0.008,0,0,0.008,1000,992,0.00777578277229997,0.0278583396326322,0.880958050696562,0.0197086776704847,0.944556451612903,0.00726580322478907,0.944556451612903,0.00726580322478907,2.09170082444697,0.0469837570908222,0,0
"riid_nodith","0.1","n = 500",3,0.027,0,0,0,0,1000,1000,-0.00839686297052895,0.0401869380519341,1.27082256432202,0.0284306753049112,0.984,0.00396787096564392,0.984,0.00396787096564392,1.99182520168509,0.0445608515012948,0,0
"riid_nodith","0.1","n = 500",4,0.107,0,0,0,0,1000,1000,0.018866140126207,0.011055948534799,0.349619790635661,0.00782164798359278,0.907,0.00918428004799505,0.908,0.00913980306133562,0.457302302352865,0.010230706976248,0,0
"riid_nodith","0.1","n = 500",5,0.016,0,0,0,0,1000,1000,0.0478024377195575,0.0184004144379378,0.581872195149303,0.0130175682378377,0.908,0.00913980306133562,0.908,0.00913980306133562,0.601860288974321,0.0134647392445993,0,0
"riid_nodith","0.5","n = 100",1,0.043,0,0,0,0,1000,1000,-0.045,0.0393131087618433,1.24318965589347,0.027812475511078,0.975,0.00493710441453288,0.974,0.00503229569878401,1.71482684223487,0.0383638806269825,0,0
"riid_nodith","0.5","n = 100",2,0.03,0,0,0,0,1000,1000,0.031,0.0427652647351547,1.35235641303166,0.030254739847124,0.973,0.00512552436341883,0.974,0.00503229569878401,1.73631471735688,0.03884460454371,0,0
"riid_nodith","0.5","n = 100",3,0.025,0,0,0,0,1000,1000,0.036,0.0449747343152433,1.42222597597102,0.0318178525218542,0.972,0.0052168956286282,0.971,0.00530650544143696,1.85329203200044,0.0414616056452332,0,0
"riid_nodith","0.5","n = 100",4,0.01,0,0,0,0,1000,1000,0.00897973644485441,0.0199703919144925,0.631519242160068,0.0141282654453301,0.912,0.00895857131466843,0.913,0.00891240708226459,0.688390119030517,0.0154005732245612,0,0
"riid_nodith","0.5","n = 100",5,0.004,0,0,0,0,1000,1000,-0.00935708018145421,0.0219793990313662,0.695049625408158,0.0155495588255641,0.925,0.00832916562447884,0.923,0.00843036179532053,0.762256894757253,0.0170531110181656,0,0
"riid_nodith","0.5","n = 250",1,0.186,0,0,0,0,1000,1000,-0.018,0.0268402011243656,0.848761684100076,0.0189883847905806,0.936,0.0077397674383666,0.934,0.00785136930732467,2.21212097717471,0.0494892796232258,0,0
"riid_nodith","0.5","n = 250",2,0.162,0,0,0,0,1000,1000,-0.031,0.0273456904609627,0.864746660465819,0.0193459985799247,0.954,0.00662449998113065,0.953,0.00669260786241059,2.16972110819852,0.0485407153297707,0,0
"riid_nodith","0.5","n = 250",3,0.13,0,0,0,0,1000,1000,0.037,0.0301917628260183,0.954747371058199,0.021359482642846,0.956,0.00648567652600714,0.958,0.00634318531969546,2.33638383502269,0.0522692719393214,0,0
"riid_nodith","0.5","n = 250",4,0.06,0,0,0,0,1000,1000,-0.0365027544532632,0.0135057562342946,0.427089512233897,0.0095547904084728,0.892,0.00981509042240569,0.889,0.00993373041711924,0.450602637371422,0.0100808229522413,0,0
"riid_nodith","0.5","n = 250",5,0.049,0,0,0,0,1000,1000,-0.0450000511686083,0.0135301903733989,0.427862187556246,0.00957207659918309,0.896,0.00965318600255895,0.895,0.00969407035254026,0.457135732385196,0.0102269804948341,0,0
"riid_nodith","0.5","n = 500",1,0.476,0,0,0,0,1000,1000,-0.013,0.0213139692522366,0.674006888158634,0.0150787934747876,0.875,0.0104582503316759,0.875,0.0104582503316759,3.32916305670044,0.074479598143311,0,0
"riid_nodith","0.5","n = 500",2,0.411,0,0,0,0,1000,1000,-0.052,0.0220404578396589,0.696980474462364,0.015592755526712,0.908,0.00913980306133562,0.908,0.00913980306133562,3.39226716198758,0.0758913548890553,0,0
"riid_nodith","0.5","n = 500",3,0.381,0,0,0,0,1000,1000,-0.036,0.0237753920949638,0.751843912836481,0.016820153155867,0.909,0.00909499862561837,0.909,0.00909499862561837,3.20816394231519,0.0717726218668044,0,0
"riid_nodith","0.5","n = 500",4,0.102,0,0,0,0,1000,1000,-0.0359440286985165,0.00997698711357518,0.315500034650466,0.00705832528919649,0.894,0.00973468027209934,0.894,0.00973468027209934,0.355366865211688,0.00795022078030834,0,0
"riid_nodith","0.5","n = 500",5,0.092,0,0,0,0,1000,1000,-0.0381292427482414,0.0107331668934144,0.339412538899031,0.00759329268992167,0.892,0.00981509042240569,0.886,0.0100500746265886,0.370335817609318,0.00828510421503768,0,0
"riid_nodith","0.9","n = 100",1,NA,0.04,0,0,0.04,1000,960,-0.056,0.0546429304654303,1.72796118296964,0.0386577203708288,0.911458333333333,0.0091686762909191,0.914583333333333,0.00902084736655311,2.02636558760915,0.0462693608246232,0,0
"riid_nodith","0.9","n = 100",2,NA,0.03,0,0,0.03,1000,970,0.0202242172277,0.0584507955078072,1.84837644853409,0.0413516348582883,0.911340206185567,0.00912678367118638,0.914432989690722,0.00898138378519244,2.04605386634298,0.0464772236016057,0,0
"riid_nodith","0.9","n = 100",3,NA,0.008,0,0,0.008,1000,992,0.10539686297053,0.0873111633139729,2.76102141231089,0.0617692079816011,0.92741935483871,0.00823744738524371,0.929435483870968,0.00813105637755809,3.97812405058104,0.0893565714012063,0,0
"riid_nodith","0.9","n = 100",4,0.003,0,0,0,0,1000,1000,-0.0250124236490631,0.0279698597006866,0.884484624895249,0.0197875737247384,0.887,0.0100115433375679,0.888,0.00997276290703835,1.1994233598773,0.02683334169156,0,0
"riid_nodith","0.9","n = 100",5,0.005,0,0,0,0,1000,1000,-0.0791450585163268,0.0414826548449753,1.31179672700741,0.0293473438846987,0.885,0.0100883596287999,0.89,0.00989444288477123,1.63830069879836,0.0366518478086629,0,0
"riid_nodith","0.9","n = 250",1,NA,0.012,0,0,0.012,1000,988,0.017,0.036675005876701,1.15976551770436,0.0259461216611902,0.939271255060729,0.00759826080657868,0.939271255060729,0.00759826080657868,1.66817276854367,0.0375463265735073,0,0
"riid_nodith","0.9","n = 250",2,NA,0.009,0,0,0.009,1000,991,-0.0447757827723,0.0389653987827958,1.23219410090387,0.0275664844006878,0.957618567103935,0.0063995180697823,0.958627648839556,0.00632620482814537,1.70941919057857,0.0384163394393366,0,0
"riid_nodith","0.9","n = 250",3,0.009,0,0,0,0,1000,1000,-0.0686031370294699,0.0537185413212392,1.69872943156987,0.0380037514722798,0.974,0.00503229569878401,0.975,0.00493710441453288,1.98375297718517,0.0443802607562225,0,0
"riid_nodith","0.9","n = 250",4,0.01,0,0,0,0,1000,1000,-0.0240351024694993,0.0171576877420934,0.542573726469668,0.0121383880640052,0.894,0.00973468027209934,0.894,0.00973468027209934,0.657068487729616,0.0146998498076684,0,0
"riid_nodith","0.9","n = 250",5,0,0,0,0,0,1000,1000,-0.0290954254971997,0.0254011845364265,0.803255984013559,0.01797033725192,0.892,0.00981509042240569,0.889,0.00993373041711924,0.905110237269832,0.0202490072126617,0,0
"riid_nodith","0.9","n = 500",1,NA,0.009,0,0,0.009,1000,991,0.015,0.0279025725257288,0.882356817593401,0.0197399706995729,0.942482341069627,0.0073960592939251,0.942482341069627,0.0073960592939251,2.04674939677208,0.0459972720600153,0,0
"riid_nodith","0.9","n = 500",2,NA,0.007,0,0,0.007,1000,993,-0.0127757827723,0.0282562278872183,0.893540382083773,0.0199901679337926,0.936555891238671,0.0077354908412261,0.937562940584089,0.00767797710037497,2.03147124255526,0.0456078757597306,0,0
"riid_nodith","0.9","n = 500",3,0.039,0,0,0,0,1000,1000,0.0163968629705301,0.0383455523024689,1.21259283412916,0.0271279674378306,0.982,0.00420428352992517,0.981,0.00431729081716764,1.98450710291856,0.0443971319579677,0,0
"riid_nodith","0.9","n = 500",4,0.003,0,0,0,0,1000,1000,-0.0179141432823436,0.012067297884351,0.381601465182803,0.0085371378011994,0.876,0.0104222838188182,0.878,0.0103496859855746,0.430883133931268,0.0096396608142522,0,0
"riid_nodith","0.9","n = 500",5,0,0,0,0,0,1000,1000,-0.0172664208751671,0.0185980500043617,0.588121980514875,0.0131573876142341,0.87,0.0106348483769163,0.869,0.0106695360723885,0.580565700475949,0.0129883395108002,0,0
"xy_dith","0.1","n = 100",1,0,0,0,0,0,1000,1000,0.0393118066980969,0.056241698646151,1.77851867198645,0.0397887858671638,0.906,0.00922843432007835,0.904,0.00931579304192617,1.41694084858378,0.0316996143469035,NA,NA
"xy_dith","0.1","n = 100",2,0,0,0,0,0,1000,1000,0.0255272761552661,0.056773213951005,1.79532666173223,0.0401648120036255,0.915,0.00881901355027874,0.914,0.00886588969026797,1.43989588675392,0.0322131614424221,NA,NA
"xy_dith","0.1","n = 100",3,0,0,0,0,0,1000,1000,0.017608444246134,0.0844539063725019,2.67066701435715,0.0597478112715387,0.935,0.0077958322198467,0.935,0.0077958322198467,3.23696536439803,0.0724169634944603,NA,NA
"xy_dith","0.1","n = 100",4,0,0,0,0,0,1000,1000,0.0295661821296683,0.0281541424112,0.89031215588137,0.0199179464816811,0.904,0.00931579304192617,0.898,0.00957057991973318,0.810203358300849,0.0181257629959451,NA,NA
"xy_dith","0.1","n = 100",5,0,0,0,0,0,1000,1000,0.00951381753615886,0.0412082208084527,1.30311836077856,0.0291531926165701,0.907,0.00918428004799505,0.906,0.00922843432007835,1.50205688368774,0.0336038190920978,NA,NA
"xy_dith","0.1","n = 250",1,0,0,0,0,0,1000,1000,0.0106049458975904,0.0343096468998788,1.08496629919752,0.0242727233803189,0.91,0.00904986187739901,0.908,0.00913980306133562,0.708098550663989,0.015841487665547,NA,NA
"xy_dith","0.1","n = 250",2,0,0,0,0,0,1000,1000,-0.053213820365996,0.035584214354519,1.12527166107938,0.0251744296364724,0.918,0.00867617427210864,0.914,0.00886588969026797,0.723970261373932,0.0161965674905331,NA,NA
"xy_dith","0.1","n = 250",3,0,0,0,0,0,1000,1000,0.121531125250176,0.0548802037183715,1.73546442204096,0.0388255818487099,0.906,0.00922843432007835,0.91,0.00904986187739901,1.26158380903346,0.028223987086426,NA,NA
"xy_dith","0.1","n = 250",4,0,0,0,0,0,1000,1000,0.0208362724163881,0.0180299841876293,0.570158162097291,0.0127555034307099,0.885,0.0100883596287999,0.889,0.00993373041711924,0.429842139664441,0.00961637182739807,NA,NA
"xy_dith","0.1","n = 250",5,0,0,0,0,0,1000,1000,0.0382103194849438,0.0255367978300141,0.8075444529009,0.0180662783139645,0.905,0.00927227048785787,0.912,0.00895857131466843,0.69551777809325,0.0155600322758763,NA,NA
"xy_dith","0.1","n = 500",1,0,0,0,0,0,1000,1000,0.013661506886594,0.0243179793932258,0.769002029756329,0.0172040122914279,0.904,0.00931579304192617,0.904,0.00931579304192617,0.403796671486094,0.00903368603810534,NA,NA
"xy_dith","0.1","n = 500",2,0,0,0,0,0,1000,1000,0.000859623708722261,0.0251606279576618,0.795648917063217,0.017800152950382,0.918,0.00867617427210864,0.918,0.00867617427210864,0.449144036747008,0.0100481913308675,NA,NA
"xy_dith","0.1","n = 500",3,0,0,0,0,0,1000,1000,-0.00469275940917796,0.0379092598129762,1.19879605420094,0.0268193076914546,0.919,0.00862780389206894,0.918,0.00867617427210864,0.703117146856687,0.0157300443545891,NA,NA
"xy_dith","0.1","n = 500",4,0,0,0,0,0,1000,1000,0.0068527139478244,0.0115692057367575,0.365850408472402,0.00818475723162589,0.921,0.00852988862764339,0.919,0.00862780389206894,0.268287767931371,0.00600209866623316,NA,NA
"xy_dith","0.1","n = 500",5,0,0,0,0,0,1000,1000,0.0421048883353995,0.0185705043208967,0.587250909520319,0.0131379001284835,0.88,0.0102761860629321,0.88,0.0102761860629321,0.427802628792913,0.00957074415836136,NA,NA
"xy_dith","0.5","n = 100",1,0,0,0,0,0,1000,1000,-0.0329056284241379,0.0383941708994819,1.21413028916118,0.0271623631796428,0.936,0.0077397674383666,0.937,0.00768316341099159,0.727793362361585,0.0162820974031184,NA,NA
"xy_dith","0.5","n = 100",2,0,0,0,0,0,1000,1000,0.0236082105967216,0.0408605798895882,1.2921249896637,0.0289072503635384,0.916,0.00877177291087725,0.918,0.00867617427210864,0.770006226904708,0.0172264780579866,NA,NA
"xy_dith","0.5","n = 100",3,0,0,0,0,0,1000,1000,0.0439419155886861,0.0432763876400196,1.36851953846821,0.0306163391640547,0.921,0.00852988862764339,0.923,0.00843036179532053,0.88613900416898,0.0198245852803112,NA,NA
"xy_dith","0.5","n = 100",4,0,0,0,0,0,1000,1000,0.0137483630379872,0.020053896407859,0.634159886099035,0.0141873415843068,0.924,0.00837997613361756,0.923,0.00843036179532053,0.516405397958543,0.0115529536595028,NA,NA
"xy_dith","0.5","n = 100",5,0,0,0,0,0,1000,1000,-0.00575518186448444,0.021989766002671,0.695377457825766,0.0155568930493033,0.929,0.00812151463706124,0.929,0.00812151463706124,0.575531413618093,0.012875713107189,NA,NA
"xy_dith","0.5","n = 250",1,0,0,0,0,0,1000,1000,-0.00859267160552554,0.0246506628705447,0.779522405038655,0.0174393727438897,0.908,0.00913980306133562,0.909,0.00909499862561837,0.383070299334099,0.00856999836569098,NA,NA
"xy_dith","0.5","n = 250",2,0,0,0,0,0,1000,1000,-0.0230989126579371,0.0248161192273888,0.784754594448466,0.0175564265973705,0.925,0.00832916562447884,0.925,0.00832916562447884,0.393448462481694,0.00880217726697455,NA,NA
"xy_dith","0.5","n = 250",3,0,0,0,0,0,1000,1000,0.0401407762113958,0.0281805854806454,0.891148359159103,0.0199366539114558,0.906,0.00922843432007835,0.905,0.00927227048785787,0.44553245104365,0.00996739341040972,NA,NA
"xy_dith","0.5","n = 250",4,0,0,0,0,0,1000,1000,-0.00515500495059174,0.0127938676894748,0.404577619815762,0.00905115731144755,0.88,0.0102761860629321,0.88,0.0102761860629321,0.264871298124938,0.00592566585296504,NA,NA
"xy_dith","0.5","n = 250",5,0,0,0,0,0,1000,1000,-0.0274326340159915,0.0131999215094461,0.417418169052975,0.00933842439054184,0.92,0.00857904423581089,0.919,0.00862780389206894,0.282304485075134,0.00631567881907512,NA,NA
"xy_dith","0.5","n = 500",1,0,0,0,0,0,1000,1000,-0.0233101678693201,0.0179058260844986,0.566231938138701,0.0126676664645787,0.907,0.00918428004799505,0.908,0.00913980306133562,0.22879764584893,0.00511863084767411,NA,NA
"xy_dith","0.5","n = 500",2,0,0,0,0,0,1000,1000,-0.0322817818475887,0.0187517515314049,0.592982449567898,0.0132661253887713,0.902,0.00940191469861325,0.903,0.00935900635751467,0.256953826154873,0.00574853721114182,NA,NA
"xy_dith","0.5","n = 500",3,0,0,0,0,0,1000,1000,-0.0122216010934208,0.0200646747262602,0.634500726453978,0.0141949668199095,0.909,0.00909499862561837,0.908,0.00913980306133562,0.264733660620591,0.00592258664481613,NA,NA
"xy_dith","0.5","n = 500",4,0,0,0,0,0,1000,1000,0.00289632458707299,0.00866255952586262,0.273934184685142,0.00612841955938499,0.894,0.00973468027209934,0.894,0.00973468027209934,0.148253562774072,0.00331670921209571,NA,NA
"xy_dith","0.5","n = 500",5,0,0,0,0,0,1000,1000,-0.00453118811594606,0.00957966504724374,0.302935607707947,0.00677723558177097,0.899,0.00952885092757778,0.899,0.00952885092757778,0.174761991196108,0.00390975228708427,NA,NA
"xy_dith","0.9","n = 100",1,0,0,0,0,0,1000,1000,-0.0726184894747568,0.0534869092664018,1.69140458284595,0.0378398809197938,0.907,0.00918428004799505,0.91,0.00904986187739901,1.3804906671482,0.0308841556807654,NA,NA
"xy_dith","0.9","n = 100",2,0,0,0,0,0,1000,1000,0.0283272728969277,0.0567266575335802,1.79385441854463,0.0401318751726221,0.915,0.00881901355027874,0.916,0.00877177291087725,1.40866531185785,0.031514475127445,NA,NA
"xy_dith","0.9","n = 100",3,0,0,0,0,0,1000,1000,0.108995195170031,0.0862972850787341,2.72895976737663,0.0610519290770093,0.941,0.00745110730026082,0.94,0.00750999334220744,3.6427060272752,0.0814941402523457,NA,NA
"xy_dith","0.9","n = 100",4,0,0,0,0,0,1000,1000,-0.0140507792124775,0.0278364231383596,0.880264990294286,0.0196931726142975,0.893,0.00977501918156686,0.892,0.00981509042240569,0.874091354062949,0.0195550568363191,NA,NA
"xy_dith","0.9","n = 100",5,0,0,0,0,0,1000,1000,-0.0803609163559058,0.0411373690673904,1.3008778319991,0.0291030678013297,0.91,0.00904986187739901,0.919,0.00862780389206894,1.41699983900099,0.0317009340727604,NA,NA
"xy_dith","0.9","n = 250",1,0,0,0,0,0,1000,1000,0.0190925196253229,0.0350365902758212,1.10795426717702,0.0247870071772025,0.907,0.00918428004799505,0.908,0.00913980306133562,0.653270285002861,0.0146148769157021,NA,NA
"xy_dith","0.9","n = 250",2,0,0,0,0,0,1000,1000,-0.0278057828144703,0.0370306204294736,1.17101103726299,0.0261977049460504,0.893,0.00977501918156686,0.893,0.00977501918156686,0.738062077224246,0.0165118277417631,NA,NA
"xy_dith","0.9","n = 250",3,0,0,0,0,0,1000,1000,-0.0793397863704198,0.0526961306074652,1.66639796597302,0.0372804361753043,0.92,0.00857904423581089,0.922,0.00848033018225116,1.25774567724124,0.0281381209066574,NA,NA
"xy_dith","0.9","n = 250",4,0,0,0,0,0,1000,1000,-0.0271496554716745,0.0168824278125626,0.53386924321072,0.0119436525091135,0.909,0.00909499862561837,0.907,0.00918428004799505,0.441504493417351,0.00987728047204186,NA,NA
"xy_dith","0.9","n = 250",5,0,0,0,0,0,1000,1000,-0.0166129341212008,0.0252915083380542,0.799787718093912,0.0178927456628179,0.908,0.00913980306133562,0.909,0.00909499862561837,0.696627801042335,0.0155848655633331,NA,NA
"xy_dith","0.9","n = 500",1,0,0,0,0,0,1000,1000,-1.32102551870257e-05,0.0256994308575045,0.812687360797284,0.0181813347731667,0.89,0.00989444288477123,0.89,0.00989444288477123,0.411935429482342,0.00921576526180878,NA,NA
"xy_dith","0.9","n = 500",2,0,0,0,0,0,1000,1000,-0.00401973444196117,0.0253396911353408,0.801311391928549,0.0179268330934941,0.909,0.00909499862561837,0.908,0.00913980306133562,0.433680307165648,0.00970223880604342,NA,NA
"xy_dith","0.9","n = 500",3,0,0,0,0,0,1000,1000,0.0190146210511263,0.0363564815039245,1.14969289262185,0.0257207782173228,0.922,0.00848033018225116,0.921,0.00852988862764339,0.705914752764495,0.0157926320260934,NA,NA
"xy_dith","0.9","n = 500",4,0,0,0,0,0,1000,1000,-0.0130906184716954,0.0119270510283102,0.377166470185136,0.0084379186762818,0.908,0.00913980306133562,0.91,0.00904986187739901,0.261107578878235,0.00584146442088002,NA,NA
"xy_dith","0.9","n = 500",5,0,0,0,0,0,1000,1000,-0.00993250941280142,0.0182302863595605,0.576492272933106,0.0128972093254383,0.884,0.0101264011376204,0.886,0.0100500746265886,0.394892697573324,0.00883448750453789,NA,NA
"xy_nodith","0.1","n = 100",1,0,0,0,0,0,1000,1000,0.019,0.0573491754773155,1.81354016440991,0.040572282090585,0.907,0.00918428004799505,0.908,0.00913980306133562,1.39657424182254,0.0312439752985045,NA,NA
"xy_nodith","0.1","n = 100",2,0,0,0,0,0,1000,1000,0.0197757827723,0.0574252266574252,1.81594511388881,0.0406260853040933,0.917,0.00872416185085994,0.916,0.00877177291087725,1.42960529895536,0.0319829417653316,NA,NA
"xy_nodith","0.1","n = 100",3,0,0,0,0,0,1000,1000,0.0166031370294711,0.0850807777276321,2.69049042717842,0.0601912980565389,0.935,0.0077958322198467,0.934,0.00785136930732467,3.28488701521513,0.0734890603651852,NA,NA
"xy_nodith","0.1","n = 100",4,NA,0,1,1,1,0,0,NA,NA,0,NA,NA,NA,NA,NA,0,NA,NA,NA
"xy_nodith","0.1","n = 100",5,NA,0,1,1,1,0,0,NA,NA,0,NA,NA,NA,NA,NA,0,NA,NA,NA
"xy_nodith","0.1","n = 250",1,0,0,0,0,0,1000,1000,0.019,0.0365098886874771,1.15454405371643,0.0258293077554376,0.91,0.00904986187739901,0.908,0.00913980306133562,0.692370894314686,0.015489630605775,NA,NA
"xy_nodith","0.1","n = 250",2,0,0,0,0,0,1000,1000,-0.0402242172277,0.0375719396711249,1.18812905471192,0.0265806669815208,0.91,0.00904986187739901,0.91,0.00904986187739901,0.723524381102936,0.0161865923157405,NA,NA
"xy_nodith","0.1","n = 250",3,0,0,0,0,0,1000,1000,0.129603137029471,0.05635074450623,1.78196700485907,0.0398659315167588,0.908,0.00913980306133562,0.905,0.00927227048785787,1.2547665013835,0.0280714711761084,NA,NA
"xy_nodith","0.1","n = 250",4,NA,0,1,1,1,0,0,NA,NA,0,NA,NA,NA,NA,NA,0,NA,NA,NA
"xy_nodith","0.1","n = 250",5,NA,0,1,1,1,0,0,NA,NA,0,NA,NA,NA,NA,NA,0,NA,NA,NA
"xy_nodith","0.1","n = 500",1,0,0,0,0,0,1000,1000,0.031,0.0272356527511419,0.861266962550393,0.0192681512357162,0.87,0.0106348483769163,0.873,0.0105295299040366,0.390516828776092,0.00873659114320174,NA,NA
"xy_nodith","0.1","n = 500",2,0,0,0,0,0,1000,1000,0.00777578277229997,0.0278583396326322,0.880958050696562,0.0197086776704847,0.927,0.00822623850857729,0.927,0.00822623850857729,0.442224961547785,0.0098933986903195,NA,NA
"xy_nodith","0.1","n = 500",3,0,0,0,0,0,1000,1000,-0.00839686297052895,0.0401869380519341,1.27082256432202,0.0284306753049112,0.91,0.00904986187739901,0.91,0.00904986187739901,0.690858741448793,0.0154558009206966,NA,NA
"xy_nodith","0.1","n = 500",4,NA,0,1,1,1,0,0,NA,NA,0,NA,NA,NA,NA,NA,0,NA,NA,NA
"xy_nodith","0.1","n = 500",5,NA,0,1,1,1,0,0,NA,NA,0,NA,NA,NA,NA,NA,0,NA,NA,NA
"xy_nodith","0.5","n = 100",1,0,0,0,0,0,1000,1000,-0.045,0.0393131087618433,1.24318965589347,0.027812475511078,0.919,0.00862780389206894,0.918,0.00867617427210864,0.726764487901178,0.0162590795589798,NA,NA
"xy_nodith","0.5","n = 100",2,0,0,0,0,0,1000,1000,0.031,0.0427652647351547,1.35235641303166,0.030254739847124,0.91,0.00904986187739901,0.911,0.00900438781928011,0.764465175943966,0.0171025143945016,NA,NA
"xy_nodith","0.5","n = 100",3,0,0,0,0,0,1000,1000,0.036,0.0449747343152433,1.42222597597102,0.0318178525218542,0.92,0.00857904423581089,0.92,0.00857904423581089,0.886142720337347,0.0198246684179413,NA,NA
"xy_nodith","0.5","n = 100",4,NA,0,1,1,1,0,0,NA,NA,0,NA,NA,NA,NA,NA,0,NA,NA,NA
"xy_nodith","0.5","n = 100",5,NA,0,1,1,1,0,0,NA,NA,0,NA,NA,NA,NA,NA,0,NA,NA,NA
"xy_nodith","0.5","n = 250",1,0,0,0,0,0,1000,1000,-0.018,0.0268402011243656,0.848761684100076,0.0189883847905806,0.876,0.0104222838188182,0.878,0.0103496859855746,0.367023766756215,0.00821100744886312,NA,NA
"xy_nodith","0.5","n = 250",2,0,0,0,0,0,1000,1000,-0.031,0.0273456904609627,0.864746660465819,0.0193459985799247,0.889,0.00993373041711924,0.886,0.0100500746265886,0.385966269744214,0.00863478663490662,NA,NA
"xy_nodith","0.5","n = 250",3,0,0,0,0,0,1000,1000,0.037,0.0301917628260183,0.954747371058199,0.021359482642846,0.912,0.00895857131466843,0.917,0.00872416185085994,0.435259305489374,0.0097375639489148,NA,NA
"xy_nodith","0.5","n = 250",4,NA,0,1,1,1,0,0,NA,NA,0,NA,NA,NA,NA,NA,0,NA,NA,NA
"xy_nodith","0.5","n = 250",5,NA,0,1,1,1,0,0,NA,NA,0,NA,NA,NA,NA,NA,0,NA,NA,NA
"xy_nodith","0.5","n = 500",1,0,0,0,0,0,1000,1000,-0.013,0.0213139692522366,0.674006888158634,0.0150787934747876,0.898,0.00957057991973318,0.898,0.00957057991973318,0.228907046284869,0.00512107833984155,NA,NA
"xy_nodith","0.5","n = 500",2,0,0,0,0,0,1000,1000,-0.052,0.0220404578396589,0.696980474462364,0.015592755526712,0.887,0.0100115433375679,0.887,0.0100115433375679,0.260230873213843,0.00582185087703678,NA,NA
"xy_nodith","0.5","n = 500",3,0,0,0,0,0,1000,1000,-0.036,0.0237753920949638,0.751843912836481,0.016820153155867,0.855,0.0111344061359374,0.855,0.0111344061359374,0.259316876838326,0.00580140307030772,NA,NA
"xy_nodith","0.5","n = 500",4,NA,0,1,1,1,0,0,NA,NA,0,NA,NA,NA,NA,NA,0,NA,NA,NA
"xy_nodith","0.5","n = 500",5,NA,0,1,1,1,0,0,NA,NA,0,NA,NA,NA,NA,NA,0,NA,NA,NA
"xy_nodith","0.9","n = 100",1,0,0,0,0,0,1000,1000,-0.056,0.0546429304654303,1.72796118296964,0.0386577203708288,0.905,0.00927227048785787,0.906,0.00922843432007835,1.3757295600465,0.0307776408187377,NA,NA
"xy_nodith","0.9","n = 100",2,0,0,0,0,0,1000,1000,0.0202242172277,0.0584507955078072,1.84837644853409,0.0413516348582883,0.902,0.00940191469861325,0.903,0.00935900635751467,1.41550245867342,0.0316674348769668,NA,NA
"xy_nodith","0.9","n = 100",3,0,0,0,0,0,1000,1000,0.10539686297053,0.0873111633139729,2.76102141231089,0.0617692079816011,0.933,0.00790638982089803,0.932,0.00796090447122687,3.64623737231195,0.0815731430391613,NA,NA
"xy_nodith","0.9","n = 100",4,NA,0,1,1,1,0,0,NA,NA,0,NA,NA,NA,NA,NA,0,NA,NA,NA
"xy_nodith","0.9","n = 100",5,NA,0,1,1,1,0,0,NA,NA,0,NA,NA,NA,NA,NA,0,NA,NA,NA
"xy_nodith","0.9","n = 250",1,0,0,0,0,0,1000,1000,0.017,0.036675005876701,1.15976551770436,0.0259461216611902,0.917,0.00872416185085994,0.917,0.00872416185085994,0.645420486254063,0.0144392622502865,NA,NA
"xy_nodith","0.9","n = 250",2,0,0,0,0,0,1000,1000,-0.0447757827723,0.0389653987827958,1.23219410090387,0.0275664844006878,0.887,0.0100115433375679,0.89,0.00989444288477123,0.738199437060765,0.0165149007379639,NA,NA
"xy_nodith","0.9","n = 250",3,0,0,0,0,0,1000,1000,-0.0686031370294699,0.0537185413212392,1.69872943156987,0.0380037514722798,0.915,0.00881901355027874,0.916,0.00877177291087725,1.25230334865174,0.0280163658470805,NA,NA
"xy_nodith","0.9","n = 250",4,NA,0,1,1,1,0,0,NA,NA,0,NA,NA,NA,NA,NA,0,NA,NA,NA
"xy_nodith","0.9","n = 250",5,NA,0,1,1,1,0,0,NA,NA,0,NA,NA,NA,NA,NA,0,NA,NA,NA
"xy_nodith","0.9","n = 500",1,0,0,0,0,0,1000,1000,0.015,0.0279025725257288,0.882356817593401,0.0197399706995729,0.861,0.0109397897603199,0.861,0.0109397897603199,0.403644891287808,0.0090302904314673,NA,NA
"xy_nodith","0.9","n = 500",2,0,0,0,0,0,1000,1000,-0.0127757827723,0.0282562278872183,0.893540382083773,0.0199901679337926,0.925,0.00832916562447884,0.926,0.00827792244467173,0.420854931140758,0.00941531118006003,NA,NA
"xy_nodith","0.9","n = 500",3,0,0,0,0,0,1000,1000,0.0163968629705301,0.0383455523024689,1.21259283412916,0.0271279674378306,0.922,0.00848033018225116,0.922,0.00848033018225116,0.693943414976613,0.0155248108312484,NA,NA
"xy_nodith","0.9","n = 500",4,NA,0,1,1,1,0,0,NA,NA,0,NA,NA,NA,NA,NA,0,NA,NA,NA
"xy_nodith","0.9","n = 500",5,NA,0,1,1,1,0,0,NA,NA,0,NA,NA,NA,NA,NA,0,NA,NA,NA
